prime,start_time,stop_time,time_elasp,time_total
3,4.22487824,4.224892285,1.4045000000351138e-05,1.4045000000351138e-05
